team,name,role,age,batting_style,bowling_style,image_url
Afghanistan,Rahmanullah Gurbaz,Wicketkeeper Batter,22y 155d,Right hand Bat,Right arm Medium,"https://img1.hscicdn.com/image/upload/f_auto,t_ds_square_w_320,q_50/lsci/db/PICTURES/CMS/383200/383237.1.png"
Afghanistan,Hazratullah Zazai,Opening Batter,26y 39d,Left hand Bat,Slow Left arm Orthodox,"https://img1.hscicdn.com/image/upload/f_auto,t_ds_square_w_320,q_50/lsci/db/PICTURES/CMS/383200/383222.1.png"
Afghanistan,Ibrahim Zadran,Opening Batter,22y 141d,Right hand Bat,Right arm Medium fast,"https://img1.hscicdn.com/image/upload/f_auto,t_ds_square_w_320,q_50/lsci/db/PICTURES/CMS/383200/383225.1.png"
Afghanistan,Mohammad Ishaq,Wicketkeeper Batter,19y 90d,Right hand Bat,N/A,"https://img1.hscicdn.com/image/upload/f_auto,t_ds_square_w_320,q_50/lsci/db/PICTURES/CMS/383200/383223.5.png"
Afghanistan,Najibullah Zadran,Middle order Batter,31y 73d,Left hand Bat,Right arm Offbreak,"https://img1.hscicdn.com/image/upload/f_auto,t_ds_square_w_320,q_50/lsci/db/PICTURES/CMS/381900/381935.2.png"
Afghanistan,Rashid Khan,Bowling Allrounder,25y 224d,Right hand Bat,Legbreak Googly,"https://img1.hscicdn.com/image/upload/f_auto,t_ds_square_w_320,q_50/lsci/db/PICTURES/CMS/383200/383228.1.png"
Afghanistan,Azmatullah Omarzai,Allrounder,24y 38d,Right hand Bat,Right arm Medium fast,"https://img1.hscicdn.com/image/upload/f_auto,t_ds_square_w_320,q_50/lsci/db/PICTURES/CMS/383200/383229.1.png"
Afghanistan,Gulbadin Naib,Batting Allrounder,32y 332d,Right hand Bat,Right arm Medium fast,"https://img1.hscicdn.com/image/upload/f_auto,t_ds_square_w_320,q_50/lsci/db/PICTURES/CMS/381900/381925.2.png"
Afghanistan,Karim Janat,Bowling Allrounder,25y 264d,Right hand Bat,Right arm Medium,"https://img1.hscicdn.com/image/upload/f_auto,t_ds_square_w_320,q_50/lsci/db/PICTURES/CMS/383200/383232.1.png"
Afghanistan,Mohammad Nabi,Allrounder,39y 121d,Right hand Bat,Right arm Offbreak,"https://img1.hscicdn.com/image/upload/f_auto,t_ds_square_w_320,q_50/lsci/db/PICTURES/CMS/381900/381920.2.png"
Afghanistan,Nangeyalia Kharote,Allrounder,20y 6d,Left hand Bat,Slow Left arm Orthodox,"https://img1.hscicdn.com/image/upload/f_auto,t_ds_square_w_320,q_50/lsci/db/PICTURES/CMS/383200/383233.3.png"
Afghanistan,Fareed Ahmad,Bowler,29y 265d,Left hand Bat,Left arm Fast medium,"https://img1.hscicdn.com/image/upload/f_auto,t_ds_square_w_320,q_50/lsci/db/PICTURES/CMS/381900/381923.2.png"
Afghanistan,Fazalhaq Farooqi,Bowler,23y 222d,Right hand Bat,Left arm Fast medium,"https://img1.hscicdn.com/image/upload/f_auto,t_ds_square_w_320,q_50/lsci/db/PICTURES/CMS/383200/383236.1.png"
Afghanistan,Naveen-ul-Haq,Bowler,24y 221d,Right hand Bat,Right arm Medium fast,"https://img1.hscicdn.com/image/upload/f_auto,t_ds_square_w_320,q_50/lsci/db/PICTURES/CMS/383200/383238.1.png"
Afghanistan,Noor Ahmad,Bowler,19y 119d,Right hand Bat,Left arm Wrist spin,"https://img1.hscicdn.com/image/upload/f_auto,t_ds_square_w_320,q_50/lsci/db/PICTURES/CMS/383200/383239.1.png"
Afghanistan,Mujeeb Ur Rahman,Bowler,23y 34d,Right hand Bat,Right arm Offbreak,"https://img1.hscicdn.com/image/upload/f_auto,t_ds_square_w_320,q_50/lsci/db/PICTURES/CMS/383200/383240.1.png"
Australia,Tim David,Middle order Batter,28y 46d,Right hand Bat,Right arm Offbreak,"https://img1.hscicdn.com/image/upload/f_auto,t_ds_square_w_320,q_50/lsci/db/PICTURES/CMS/340300/340305.1.png"
Australia,Travis Head,Top order Batter,30y 124d,Left hand Bat,Right arm Offbreak,"https://img1.hscicdn.com/image/upload/f_auto,t_ds_square_w_320,q_50/lsci/db/PICTURES/CMS/321500/321584.2.png"
Australia,Josh Inglis,Wicketkeeper Batter,29y 58d,Right hand Bat,N/A,"https://img1.hscicdn.com/image/upload/f_auto,t_ds_square_w_320,q_50/lsci/db/PICTURES/CMS/324200/324232.2.png"
Australia,Matthew Wade,Wicketkeeper Batter,36y 127d,Left hand Bat,Right arm Medium,"https://img1.hscicdn.com/image/upload/f_auto,t_ds_square_w_320,q_50/lsci/db/PICTURES/CMS/316500/316594.1.png"
Australia,David Warner,Opening Batter,37y 187d,Left hand Bat,Legbreak,"https://img1.hscicdn.com/image/upload/f_auto,t_ds_square_w_320,q_50/lsci/db/PICTURES/CMS/316500/316589.1.png"
Australia,Mitchell Marsh,Allrounder,32y 194d,Right hand Bat,Right arm Medium,"https://img1.hscicdn.com/image/upload/f_auto,t_ds_square_w_320,q_50/lsci/db/PICTURES/CMS/385700/385798.1.png"
Australia,Cameron Green,Batting Allrounder,24y 333d,Right hand Bat,Right arm Fast medium,"https://img1.hscicdn.com/image/upload/f_auto,t_ds_square_w_320,q_50/lsci/db/PICTURES/CMS/321500/321569.2.png"
Australia,Glenn Maxwell,Batting Allrounder,35y 200d,Right hand Bat,Right arm Offbreak,"https://img1.hscicdn.com/image/upload/f_auto,t_ds_square_w_320,q_50/lsci/db/PICTURES/CMS/389500/389563.5.png"
Australia,Marcus Stoinis,Batting Allrounder,34y 259d,Right hand Bat,Right arm Medium,"https://img1.hscicdn.com/image/upload/f_auto,t_ds_square_w_320,q_50/lsci/db/PICTURES/CMS/321500/321596.2.png"
Australia,Ashton Agar,Bowler,30y 200d,Left hand Bat,Slow Left arm Orthodox,"https://img1.hscicdn.com/image/upload/f_auto,t_ds_square_w_320,q_50/lsci/db/PICTURES/CMS/321500/321559.1.png"
Australia,Pat Cummins,Bowler,30y 359d,Right hand Bat,Right arm Fast,"https://img1.hscicdn.com/image/upload/f_auto,t_ds_square_w_320,q_50/lsci/db/PICTURES/CMS/386300/386324.5.png"
Australia,Nathan Ellis,Bowler,29y 222d,Right hand Bat,Right arm Fast medium,"https://img1.hscicdn.com/image/upload/f_auto,t_ds_square_w_320,q_50/lsci/db/PICTURES/CMS/329700/329711.2.png"
Australia,Josh Hazlewood,Bowler,33y 114d,Left hand Bat,Right arm Fast medium,"https://img1.hscicdn.com/image/upload/f_auto,t_ds_square_w_320,q_50/lsci/db/PICTURES/CMS/386300/386321.5.png"
Australia,Mitchell Starc,Bowler,34y 92d,Left hand Bat,Left arm Fast,"https://img1.hscicdn.com/image/upload/f_auto,t_ds_square_w_320,q_50/lsci/db/PICTURES/CMS/386300/386322.5.png"
Australia,Adam Zampa,Bowler,32y 31d,Right hand Bat,Legbreak Googly,"https://img1.hscicdn.com/image/upload/f_auto,t_ds_square_w_320,q_50/lsci/db/PICTURES/CMS/321500/321549.1.png"
Bangladesh,Najmul Hossain Shanto,Top order Batter,25y 263d,Left hand Bat,Right arm Offbreak,"https://img1.hscicdn.com/image/upload/f_auto,t_ds_square_w_320,q_50/lsci/db/PICTURES/CMS/323100/323155.1.png"
Bangladesh,Jaker Ali,Batter,26y 82d,Right hand Bat,N/A,"https://img1.hscicdn.com/image/upload/f_auto,t_ds_square_w_320,q_50/lsci/db/PICTURES/CMS/389500/389548.5.png"
Bangladesh,Litton Das,Wicketkeeper Batter,29y 214d,Right hand Bat,Right arm Offbreak,"https://img1.hscicdn.com/image/upload/f_auto,t_ds_square_w_320,q_50/lsci/db/PICTURES/CMS/319700/319727.1.png"
Bangladesh,Tanzid Hasan,Opening Batter,23y 165d,Left hand Bat,N/A,"https://img1.hscicdn.com/image/upload/f_auto,t_h_100_2x/lsci/db/PICTURES/CMS/368000/368062.1.png"
Bangladesh,Towhid Hridoy,Top order Batter,23y 162d,Right hand Bat,Right arm Offbreak,"https://img1.hscicdn.com/image/upload/f_auto,t_ds_square_w_320,q_50/lsci/db/PICTURES/CMS/380200/380236.1.png"
Bangladesh,Mahedi Hasan,Allrounder,29y 154d,Right hand Bat,Right arm Offbreak,"https://img1.hscicdn.com/image/upload/f_auto,t_ds_square_w_320,q_50/lsci/db/PICTURES/CMS/380200/380237.1.png"
Bangladesh,Mahmudullah,Allrounder,38y 100d,Right hand Bat,Right arm Offbreak,"https://img1.hscicdn.com/image/upload/f_auto,t_ds_square_w_320,q_50/lsci/db/PICTURES/CMS/382800/382810.1.png"
Bangladesh,Shakib Al Hasan,Allrounder,37y 51d,Left hand Bat,Slow Left arm Orthodox,"https://img1.hscicdn.com/image/upload/f_auto,t_ds_square_w_320,q_50/lsci/db/PICTURES/CMS/316500/316581.1.png"
Bangladesh,Soumya Sarkar,Batting Allrounder,31y 79d,Left hand Bat,Right arm Medium fast,"https://img1.hscicdn.com/image/upload/f_auto,t_ds_square_w_320,q_50/lsci/db/PICTURES/CMS/385800/385821.1.png"
Bangladesh,Taskin Ahmed,Bowler,29y 41d,Left hand Bat,Right arm Fast,"https://img1.hscicdn.com/image/upload/f_auto,t_ds_square_w_320,q_50/lsci/db/PICTURES/CMS/316700/316703.1.png"
Bangladesh,Mustafizur Rahman,Bowler,28y 251d,Left hand Bat,Left arm Fast medium,"https://img1.hscicdn.com/image/upload/f_auto,t_ds_square_w_320,q_50/lsci/db/PICTURES/CMS/319700/319734.3.png"
Bangladesh,Rishad Hossain,Bowler,21y 304d,Right hand Bat,Legbreak Googly,"https://img1.hscicdn.com/image/upload/f_auto,t_ds_square_w_320,q_50/lsci/db/PICTURES/CMS/382800/382809.1.png"
Bangladesh,Shoriful Islam,Bowler,22y 346d,Left hand Bat,Left arm Fast medium,"https://img1.hscicdn.com/image/upload/f_auto,t_ds_square_w_320,q_50/lsci/db/PICTURES/CMS/323100/323175.1.png"
Bangladesh,Tanvir Islam,Bowler,27y 202d,Left hand Bat,Slow Left arm Orthodox,"https://img1.hscicdn.com/image/upload/f_auto,t_ds_square_w_320,q_50/lsci/db/PICTURES/CMS/390500/390548.2.png"
Bangladesh,Tanzim Hasan Sakib,Bowler,21y 207d,Right hand Bat,Right arm Fast medium,"https://img1.hscicdn.com/image/upload/f_auto,t_ds_square_w_320,q_50/lsci/db/PICTURES/CMS/382800/382811.1.png"
Canada,Navneet Dhaliwal,Middle order Batter,35y 205d,Right hand Bat,Right arm Medium fast,"https://img1.hscicdn.com/image/upload/f_auto,t_ds_square_w_320,q_50/lsci/db/PICTURES/CMS/321200/321280.1.png"
Canada,Aaron Johnson,Batter,33y 47d,Right hand Bat,Right arm Offbreak,"https://img1.hscicdn.com/image/upload/f_auto,t_h_100_2x/lsci/db/PICTURES/CMS/381700/381780.1.jpg"
Canada,Shreyas Movva,Wicketkeeper Batter,30y 241d,Right hand Bat,N/A,"https://img1.hscicdn.com/image/upload/f_auto,t_h_100_2x/lsci/db/PICTURES/CMS/381700/381793.1.jpg"
Canada,Ravinderpal Singh,Batter,35y 201d,Right hand Bat,Right arm Offbreak,"https://img1.hscicdn.com/image/upload/f_auto,t_h_100_2x/lsci/db/PICTURES/CMS/381700/381795.1.jpg"
Canada,Saad Bin Zafar,Allrounder,37y 174d,Left hand Bat,Slow Left arm Orthodox,"https://img1.hscicdn.com/image/upload/f_auto,t_ds_square_w_320,q_50/lsci/db/PICTURES/CMS/321200/321289.1.png"
Canada,Dilpreet Bajwa,Allrounder,21y 97d,Right hand Bat,Right arm Offbreak,"https://img1.hscicdn.com/image/upload/f_auto,t_h_100_2x/lsci/db/PICTURES/CMS/381700/381797.1.jpg"
Canada,Junaid Siddiqui,Allrounder,39y 38d,Right hand Bat,Legbreak,"https://img1.hscicdn.com/image/upload/f_auto,t_ds_square_w_320,q_50/lsci/db/PICTURES/CMS/386600/386653.5.png"
Canada,Nicholas Kirton,Batting Allrounder,25y 362d,Left hand Bat,N/A,"https://img1.hscicdn.com/image/upload/f_auto,t_h_100_2x/lsci/db/PICTURES/CMS/381700/381798.1.jpg"
Canada,Pargat Singh,Allrounder,32y 19d,Right hand Bat,Right arm Offbreak,"https://img1.hscicdn.com/image/upload/f_auto,t_h_100_2x/lsci/db/PICTURES/CMS/381700/381799.3.jpg"
Canada,Rayyan Pathan,Batting Allrounder,32y 148d,Right hand Bat,Right arm Fast medium,"https://img1.hscicdn.com/image/upload/f_auto,t_h_100_2x/lsci/db/PICTURES/CMS/134600/134621.1.jpg"
Canada,Harsh Thaker,Allrounder,26y 191d,Right hand Bat,Right arm Offbreak,"https://img1.hscicdn.com/image/upload/f_auto,t_ds_square_w_320,q_50/lsci/db/PICTURES/CMS/366400/366411.3.png"
Canada,Nikhil Dutta,Bowler,29y 202d,Right hand Bat,Right arm Offbreak,"https://img1.hscicdn.com/image/upload/f_auto,t_ds_square_w_320,q_50/lsci/db/PICTURES/CMS/321200/321281.1.png"
Canada,Jeremy Gordon,Bowler,37y 103d,Right hand Bat,Right arm Fast medium,"https://img1.hscicdn.com/image/upload/f_auto,t_ds_square_w_320,q_50/lsci/db/PICTURES/CMS/386600/386652.5.png"
Canada,Dilon Heyliger,Bowler,34y 194d,Right hand Bat,Right arm Medium,"https://img1.hscicdn.com/image/upload/f_auto,t_ds_square_w_320,q_50/lsci/db/PICTURES/CMS/321200/321263.1.png"
Canada,Rishiv Joshi,Bowler,23y 180d,Right hand Bat,Left arm Medium fast,"https://img1.hscicdn.com/image/upload/f_auto,t_h_100_2x/lsci/db/PICTURES/CMS/381900/381942.1.jpg"
Canada,Kaleem Sana,Bowler,30y 122d,Right hand Bat,Left arm Medium fast,"https://img1.hscicdn.com/image/upload/f_auto,t_h_100_2x/lsci/db/PICTURES/CMS/381900/381941.1.jpg"
England,Jos Buttler,Wicketkeeper Batter,33y 235d,Right hand Bat,N/A,"https://img1.hscicdn.com/image/upload/f_auto,t_ds_square_w_320,q_50/lsci/db/PICTURES/CMS/383100/383143.1.png"
England,Jonny Bairstow,Wicketkeeper Batter,34y 217d,Right hand Bat,Right arm Medium,"https://img1.hscicdn.com/image/upload/f_auto,t_ds_square_w_320,q_50/lsci/db/PICTURES/CMS/383100/383157.1.png"
England,Harry Brook,Batter,25y 68d,Right hand Bat,Right arm Medium,"https://img1.hscicdn.com/image/upload/f_auto,t_ds_square_w_320,q_50/lsci/db/PICTURES/CMS/383100/383145.1.png"
England,Ben Duckett,Top order Batter,29y 196d,Left hand Bat,Right arm Offbreak,"https://img1.hscicdn.com/image/upload/f_auto,t_ds_square_w_320,q_50/lsci/db/PICTURES/CMS/383100/383154.1.png"
England,Phil Salt,Wicketkeeper Batter,27y 246d,Right hand Bat,Right arm Offbreak,"https://img1.hscicdn.com/image/upload/f_auto,t_ds_square_w_320,q_50/lsci/db/PICTURES/CMS/383100/383141.1.png"
England,Moeen Ali,Batting Allrounder,36y 317d,Left hand Bat,Right arm Offbreak,"https://img1.hscicdn.com/image/upload/f_auto,t_ds_square_w_320,q_50/lsci/db/PICTURES/CMS/383100/383142.1.png"
England,Sam Curran,Allrounder,25y 332d,Left hand Bat,Left arm Medium fast,"https://img1.hscicdn.com/image/upload/f_auto,t_ds_square_w_320,q_50/lsci/db/PICTURES/CMS/383100/383153.1.png"
England,Will Jacks,Batting Allrounder,25y 161d,Right hand Bat,Right arm Offbreak,"https://img1.hscicdn.com/image/upload/f_auto,t_ds_square_w_320,q_50/lsci/db/PICTURES/CMS/383100/383155.1.png"
England,Liam Livingstone,Batting Allrounder,30y 270d,Right hand Bat,"Right arm Offbreak, Legbreak","https://img1.hscicdn.com/image/upload/f_auto,t_ds_square_w_320,q_50/lsci/db/PICTURES/CMS/383100/383152.1.png"
England,Jofra Archer,Bowler,29y 29d,Right hand Bat,Right arm Fast,"https://img1.hscicdn.com/image/upload/f_auto,t_ds_square_w_320,q_50/lsci/db/PICTURES/CMS/383100/383146.1.png"
England,Tom Hartley,Bowler,24y 363d,Left hand Bat,Slow Left arm Orthodox,"https://img1.hscicdn.com/image/upload/f_auto,t_ds_square_w_320,q_50/lsci/db/PICTURES/CMS/383100/383156.1.png"
England,Chris Jordan,Bowler,35y 209d,Right hand Bat,Right arm Fast medium,"https://img1.hscicdn.com/image/upload/f_auto,t_ds_square_w_320,q_50/lsci/db/PICTURES/CMS/383100/383144.1.png"
England,Adil Rashid,Bowler,36y 73d,Right hand Bat,Legbreak,"https://img1.hscicdn.com/image/upload/f_auto,t_ds_square_w_320,q_50/lsci/db/PICTURES/CMS/383100/383151.1.png"
England,Reece Topley,Bowler,30y 69d,Right hand Bat,Left arm Fast medium,"https://img1.hscicdn.com/image/upload/f_auto,t_ds_square_w_320,q_50/lsci/db/PICTURES/CMS/383100/383150.1.png"
England,Mark Wood,Bowler,34y 110d,Right hand Bat,Right arm Fast,"https://img1.hscicdn.com/image/upload/f_auto,t_ds_square_w_320,q_50/lsci/db/PICTURES/CMS/383100/383149.2.png"
India,Rohit Sharma,Top order Batter,37y,Right hand Bat,Right arm Offbreak,"https://img1.hscicdn.com/image/upload/f_auto,t_ds_square_w_320,q_50/lsci/db/PICTURES/CMS/385800/385819.2.png"
India,Yashasvi Jaiswal,Opening Batter,22y 124d,Left hand Bat,Legbreak,"https://img1.hscicdn.com/image/upload/f_auto,t_ds_square_w_320,q_50/lsci/db/PICTURES/CMS/340300/340309.1.png"
India,Virat Kohli,Top order Batter,35y 177d,Right hand Bat,Right arm Medium,"https://img1.hscicdn.com/image/upload/f_auto,t_ds_square_w_320,q_50/lsci/db/PICTURES/CMS/316600/316605.3.png"
India,Rishabh Pant,Wicketkeeper Batter,26y 209d,Left hand Bat,N/A,"https://img1.hscicdn.com/image/upload/f_auto,t_ds_square_w_320,q_50/lsci/db/PICTURES/CMS/323000/323036.1.png"
India,Sanju Samson,Wicketkeeper Batter,29y 171d,Right hand Bat,N/A,"https://img1.hscicdn.com/image/upload/f_auto,t_ds_square_w_320,q_50/lsci/db/PICTURES/CMS/322700/322701.1.png"
India,Suryakumar Yadav,Batter,33y 229d,Right hand Bat,"Right arm Medium, Right arm Offbreak","https://img1.hscicdn.com/image/upload/f_auto,t_ds_square_w_320,q_50/lsci/db/PICTURES/CMS/331100/331163.1.png"
India,Hardik Pandya,Allrounder,30y 202d,Right hand Bat,Right arm Medium fast,"https://img1.hscicdn.com/image/upload/f_auto,t_ds_square_w_320,q_50/lsci/db/PICTURES/CMS/388300/388343.5.png"
India,Shivam Dube,Allrounder,30y 309d,Left hand Bat,Right arm Medium,"https://img1.hscicdn.com/image/upload/f_auto,t_ds_square_w_320,q_50/lsci/db/PICTURES/CMS/383700/383773.1.png"
India,Ravindra Jadeja,Allrounder,35y 146d,Left hand Bat,Slow Left arm Orthodox,"https://img1.hscicdn.com/image/upload/f_auto,t_ds_square_w_320,q_50/lsci/db/PICTURES/CMS/316600/316600.2.png"
India,Axar Patel,Allrounder,30y 101d,Left hand Bat,Slow Left arm Orthodox,"https://img1.hscicdn.com/image/upload/f_auto,t_ds_square_w_320,q_50/lsci/db/PICTURES/CMS/331100/331164.2.png"
India,Arshdeep Singh,Bowler,25y 85d,Left hand Bat,Left arm Medium fast,"https://img1.hscicdn.com/image/upload/f_auto,t_ds_square_w_320,q_50/lsci/db/PICTURES/CMS/390700/390798.5.png"
India,Jasprit Bumrah,Bowler,30y 146d,Right hand Bat,Right arm Fast,"https://img1.hscicdn.com/image/upload/f_auto,t_ds_square_w_320,q_50/lsci/db/PICTURES/CMS/319900/319940.2.png"
India,Yuzvendra Chahal,Bowler,33y 282d,Right hand Bat,Legbreak Googly,"https://img1.hscicdn.com/image/upload/f_auto,t_ds_square_w_320,q_50/lsci/db/PICTURES/CMS/319900/319955.1.png"
India,Kuldeep Yadav,Bowler,29y 138d,Left hand Bat,Left arm Wrist spin,"https://img1.hscicdn.com/image/upload/f_auto,t_ds_square_w_320,q_50/lsci/db/PICTURES/CMS/319900/319943.2.png"
India,Mohammed Siraj,Bowler,30y 48d,Right hand Bat,Right arm Fast,"https://img1.hscicdn.com/image/upload/f_auto,t_ds_square_w_320,q_50/lsci/db/PICTURES/CMS/322600/322611.1.png"
Ireland,Ross Adair,Top order Batter,30y 16d,Right hand Bat,Slow Left arm Orthodox,"https://img1.hscicdn.com/image/upload/f_auto,t_ds_square_w_320,q_50/lsci/db/PICTURES/CMS/382100/382113.5.png"
Ireland,Andy Balbirnie,Batter,33y 131d,Right hand Bat,Right arm Offbreak,"https://img1.hscicdn.com/image/upload/f_auto,t_ds_square_w_320,q_50/lsci/db/PICTURES/CMS/316600/316637.1.png"
Ireland,Neil Rock,Wicketkeeper Batter,23y 226d,Left hand Bat,N/A,"https://img1.hscicdn.com/image/upload/f_auto,t_ds_square_w_320,q_50/lsci/db/PICTURES/CMS/339100/339165.1.png"
Ireland,Harry Tector,Middle order Batter,24y 153d,Right hand Bat,Right arm Offbreak,"https://img1.hscicdn.com/image/upload/f_auto,t_ds_square_w_320,q_50/lsci/db/PICTURES/CMS/319800/319873.1.png"
Ireland,Lorcan Tucker,Wicketkeeper Batter,27y 240d,Right hand Bat,N/A,"https://img1.hscicdn.com/image/upload/f_auto,t_ds_square_w_320,q_50/lsci/db/PICTURES/CMS/339100/339164.1.png"
Ireland,Paul Stirling,Batting Allrounder,33y 247d,Right hand Bat,Right arm Offbreak,"https://img1.hscicdn.com/image/upload/f_auto,t_ds_square_w_320,q_50/lsci/db/PICTURES/CMS/382100/382118.3.png"
Ireland,Mark Adair,Bowling Allrounder,28y 41d,Right hand Bat,Right arm Fast medium,"https://img1.hscicdn.com/image/upload/f_auto,t_ds_square_w_320,q_50/lsci/db/PICTURES/CMS/319800/319892.1.png"
Ireland,Curtis Campher,Allrounder,25y 17d,Right hand Bat,Right arm Medium fast,"https://img1.hscicdn.com/image/upload/f_auto,t_ds_square_w_320,q_50/lsci/db/PICTURES/CMS/321300/321343.1.png"
Ireland,Gareth Delany,Batting Allrounder,27y 9d,Right hand Bat,Legbreak Googly,"https://img1.hscicdn.com/image/upload/f_auto,t_ds_square_w_320,q_50/lsci/db/PICTURES/CMS/319800/319872.1.png"
Ireland,George Dockrell,Allrounder,31y 290d,Right hand Bat,Slow Left arm Orthodox,"https://img1.hscicdn.com/image/upload/f_auto,t_ds_square_w_320,q_50/lsci/db/PICTURES/CMS/316600/316659.1.png"
Ireland,Graham Hume,Bowler,33y 166d,Left hand Bat,Right arm Fast medium,"https://img1.hscicdn.com/image/upload/f_auto,t_ds_square_w_320,q_50/lsci/db/PICTURES/CMS/388400/388417.5.png"
Ireland,Josh Little,Bowler,24y 188d,Right hand Bat,Left arm Fast medium,"https://img1.hscicdn.com/image/upload/f_auto,t_ds_square_w_320,q_50/lsci/db/PICTURES/CMS/367800/367860.1.png"
Ireland,Barry McCarthy,Bowler,31y 237d,Right hand Bat,Right arm Fast medium,"https://img1.hscicdn.com/image/upload/f_auto,t_ds_square_w_320,q_50/lsci/db/PICTURES/CMS/319800/319870.1.png"
Ireland,Ben White,Bowler,25y 252d,Right hand Bat,Legbreak,"https://img1.hscicdn.com/image/upload/f_auto,t_ds_square_w_320,q_50/lsci/db/PICTURES/CMS/339100/339163.1.png"
Ireland,Craig Young,Bowler,34y 33d,Right hand Bat,Right arm Fast medium,"https://img1.hscicdn.com/image/upload/f_auto,t_ds_square_w_320,q_50/lsci/db/PICTURES/CMS/386300/386360.5.png"
Namibia,Nikolaas Davin,Batter,26y 143d,Right hand Bat,Legbreak,"https://img1.hscicdn.com/image/upload/f_auto,t_h_100_2x/lsci/db/PICTURES/CMS/382000/382050.1.jpg"
Namibia,Zane Green,Wicketkeeper Batter,27y 212d,Left hand Bat,N/A,"https://img1.hscicdn.com/image/upload/f_auto,t_ds_square_w_320,q_50/lsci/db/PICTURES/CMS/350300/350307.1.png"
Namibia,JP Kotze,Batter,30y 17d,Left hand Bat,N/A,"https://img1.hscicdn.com/image/upload/f_auto,t_ds_square_w_320,q_50/lsci/db/PICTURES/CMS/390800/390804.2.png"
Namibia,Malan Kruger,Batter,29y 28d,Right hand Bat,N/A,"https://img1.hscicdn.com/image/upload/f_auto,t_ds_square_w_320,q_50/lsci/db/PICTURES/CMS/390700/390713.2.png"
Namibia,Dylan Leicher,Middle order Batter,20y 7d,Right hand Bat,Right arm Medium,"https://img1.hscicdn.com/image/upload/f_auto,t_h_100_2x/lsci/db/PICTURES/CMS/382000/382048.1.jpg"
Namibia,Gerhard Erasmus,Allrounder,29y 29d,Right hand Bat,Right arm Offbreak,"https://img1.hscicdn.com/image/upload/f_auto,t_ds_square_w_320,q_50/lsci/db/PICTURES/CMS/329700/329755.1.png"
Namibia,JJ Smit,Bowling Allrounder,28y 182d,Right hand Bat,Left arm Medium fast,"https://img1.hscicdn.com/image/upload/f_auto,t_ds_square_w_320,q_50/lsci/db/PICTURES/CMS/386900/386940.5.png"
Namibia,Jan Frylinck,Allrounder,30y 34d,Left hand Bat,Left arm Fast medium,"https://img1.hscicdn.com/image/upload/f_auto,t_ds_square_w_320,q_50/lsci/db/PICTURES/CMS/348600/348605.1.png"
Namibia,Michael van Lingen,Bowling Allrounder,26y 199d,Left hand Bat,"Left arm Medium, Slow Left arm Orthodox","https://img1.hscicdn.com/image/upload/f_auto,t_ds_square_w_320,q_50/lsci/db/PICTURES/CMS/350300/350305.1.png"
Namibia,David Wiese,Allrounder,38y 358d,Right hand Bat,Right arm Medium fast,"https://img1.hscicdn.com/image/upload/f_auto,t_ds_square_w_320,q_50/lsci/db/PICTURES/CMS/322000/322079.1.png"
Namibia,Peter-Daniel Blignaut,Bowler,18y 202d,Right hand Bat,Slow Left arm Orthodox,"https://img1.hscicdn.com/image/upload/f_auto,t_h_100_2x/lsci/db/PICTURES/CMS/382000/382049.1.jpg"
Namibia,Jack Brassell,Bowler,19y 40d,Right hand Bat,Right arm Medium,"https://img1.hscicdn.com/image/upload/f_auto,t_h_100_2x/lsci/db/PICTURES/CMS/381700/381732.1.jpg"
Namibia,Tangeni Lungameni,Bowler,32y 23d,Right hand Bat,Left arm Medium,"https://img1.hscicdn.com/image/upload/f_auto,t_ds_square_w_320,q_50/lsci/db/PICTURES/CMS/350300/350306.1.png"
Namibia,Bernard Scholtz,Bowler,33y 220d,Right hand Bat,Slow Left arm Orthodox,"https://img1.hscicdn.com/image/upload/f_auto,t_ds_square_w_320,q_50/lsci/db/PICTURES/CMS/329700/329759.1.png"
Namibia,Ben Shikongo,Bowler,24y 2d,Right hand Bat,Right arm Medium fast,"https://img1.hscicdn.com/image/upload/f_auto,t_ds_square_w_320,q_50/lsci/db/PICTURES/CMS/329700/329760.1.png"
Namibia,Ruben Trumpelmann,Bowler,26y 99d,Right hand Bat,Left arm Fast,"https://img1.hscicdn.com/image/upload/f_auto,t_ds_square_w_320,q_50/lsci/db/PICTURES/CMS/348600/348607.1.png"
Nepal,Aasif Sheikh,Wicketkeeper Batter,22y 314d,Right hand Bat,N/A,"https://img1.hscicdn.com/image/upload/f_auto,t_h_100_2x/lsci/db/PICTURES/CMS/330400/330463.1.jpg"
Nepal,Dipendra Singh Airee,Middle order Batter,24y 98d,Right hand Bat,"Right arm Medium, Right arm Offbreak","https://img1.hscicdn.com/image/upload/f_auto,t_ds_square_w_320,q_50/lsci/db/PICTURES/CMS/330400/330438.1.png"
Nepal,Kushal Bhurtel,Opening Batter,27y 100d,Right hand Bat,Legbreak Googly,"https://img1.hscicdn.com/image/upload/f_auto,t_ds_square_w_320,q_50/lsci/db/PICTURES/CMS/330400/330443.1.png"
Nepal,Sundeep Jora,Middle order Batter,22y 194d,Right hand Bat,N/A,"https://img1.hscicdn.com/image/upload/f_auto,t_h_100_2x/lsci/db/PICTURES/CMS/381900/381943.1.jpg"
Nepal,Anil Sah,Wicketkeeper,25y 166d,Right hand Bat,Right arm Offbreak,"https://img1.hscicdn.com/image/upload/f_auto,t_ds_square_w_320,q_50/lsci/db/PICTURES/CMS/386900/386934.5.png"
Nepal,Rohit Paudel,Batting Allrounder,21y 242d,Right hand Bat,Right arm Offbreak,"https://img1.hscicdn.com/image/upload/f_auto,t_ds_square_w_320,q_50/lsci/db/PICTURES/CMS/386700/386763.5.png"
Nepal,Gulsan Jha,Allrounder,18y 74d,Left hand Bat,Right arm Medium,"https://img1.hscicdn.com/image/upload/f_auto,t_h_100_2x/lsci/db/PICTURES/CMS/330400/330445.1.jpg"
Nepal,Karan KC,Allrounder,32y 204d,Right hand Bat,Right arm Fast,"https://img1.hscicdn.com/image/upload/f_auto,t_ds_square_w_320,q_50/lsci/db/PICTURES/CMS/330400/330442.1.png"
Nepal,Kushal Malla,Batting Allrounder,20y 57d,Left hand Bat,Slow Left arm Orthodox,"https://img1.hscicdn.com/image/upload/f_auto,t_ds_square_w_320,q_50/lsci/db/PICTURES/CMS/387300/387329.5.png"
Nepal,Sompal Kami,Bowling Allrounder,28y 89d,Right hand Bat,Right arm Fast medium,"https://img1.hscicdn.com/image/upload/f_auto,t_ds_square_w_320,q_50/lsci/db/PICTURES/CMS/330400/330477.1.png"
Nepal,Pratis GC,Bowling Allrounder,19y 345d,Right hand Bat,Left arm Medium,"https://img1.hscicdn.com/image/upload/f_auto,t_h_100_2x/lsci/db/PICTURES/CMS/381900/381944.1.jpg"
Nepal,Kamal Airee,Bowler,23y 134d,Right hand Bat,Right arm Medium,"https://img1.hscicdn.com/image/upload/f_auto,t_h_100_2x/lsci/db/PICTURES/CMS/381900/381933.1.jpg"
Nepal,Abinash Bohara,Bowler,26y 276d,Right hand Bat,Right arm Medium,"https://img1.hscicdn.com/image/upload/f_auto,t_ds_square_w_320,q_50/lsci/db/PICTURES/CMS/386700/386760.5.png"
Nepal,Sagar Dhakal,Bowler,22y 139d,Right hand Bat,Slow Left arm Orthodox,"https://img1.hscicdn.com/image/upload/f_auto,t_h_100_2x/lsci/db/PICTURES/CMS/381900/381945.1.jpg"
Nepal,Sandeep Lamichhane,Bowler,23y 273d,Right hand Bat,Legbreak Googly,"https://img1.hscicdn.com/image/upload/f_auto,t_ds_square_w_320,q_50/lsci/db/PICTURES/CMS/330400/330467.1.png"
Nepal,Lalit Rajbanshi,Bowler,25y 64d,Right hand Bat,Slow Left arm Orthodox,"https://img1.hscicdn.com/image/upload/f_auto,t_ds_square_w_320,q_50/lsci/db/PICTURES/CMS/321700/321747.1.png"
Netherlands,Scott Edwards,Wicketkeeper Batter,27y 264d,Right hand Bat,N/A,"https://img1.hscicdn.com/image/upload/f_auto,t_ds_square_w_320,q_50/lsci/db/PICTURES/CMS/322500/322592.1.png"
Netherlands,Wesley Barresi,Batter,40y 10d,Right hand Bat,Right arm Offbreak,"https://img1.hscicdn.com/image/upload/f_auto,t_ds_square_w_320,q_50/lsci/db/PICTURES/CMS/322400/322483.1.png"
Netherlands,Michael Levitt,Top order Batter,20y 329d,Right hand Bat,Right arm Fast,"https://img1.hscicdn.com/image/upload/f_auto,t_ds_square_w_320,q_50/lsci/db/PICTURES/CMS/368000/368043.1.png"
Netherlands,Max O'Dowd,Opening Batter,30y 70d,Right hand Bat,Right arm Offbreak,"https://img1.hscicdn.com/image/upload/f_auto,t_ds_square_w_320,q_50/lsci/db/PICTURES/CMS/381700/381736.2.png"
Netherlands,Vikramjit Singh,Opening Batter,21y 125d,Left hand Bat,Right arm Medium,"https://img1.hscicdn.com/image/upload/f_auto,t_ds_square_w_320,q_50/lsci/db/PICTURES/CMS/368000/368038.1.png"
Netherlands,Bas de Leede,Batting Allrounder,24y 180d,Right hand Bat,Right arm Fast medium,"https://img1.hscicdn.com/image/upload/f_auto,t_ds_square_w_320,q_50/lsci/db/PICTURES/CMS/381700/381734.3.png"
Netherlands,Sybrand Engelbrecht,Allrounder,35y 241d,Right hand Bat,Right arm Offbreak,"https://img1.hscicdn.com/image/upload/f_auto,t_h_100_2x/lsci/db/PICTURES/CMS/381700/381735.jpg"
Netherlands,Teja Nidamanuru,Allrounder,29y 265d,Right hand Bat,Right arm Offbreak,"https://img1.hscicdn.com/image/upload/f_auto,t_ds_square_w_320,q_50/lsci/db/PICTURES/CMS/368000/368040.1.png"
Netherlands,Tim Pringle,Allrounder,21y 258d,Right hand Bat,Slow Left arm Orthodox,"https://img1.hscicdn.com/image/upload/f_auto,t_h_100_2x/lsci/db/PICTURES/CMS/381700/381733.4.jpg"
Netherlands,Saqib Zulfiqar,Bowling Allrounder,27y 46d,Right hand Bat,Legbreak,"https://img1.hscicdn.com/image/upload/f_auto,t_ds_square_w_320,q_50/lsci/db/PICTURES/CMS/388700/388721.5.png"
Netherlands,Aryan Dutt,Bowler,21y 1d,Right hand Bat,Right arm Offbreak,"https://img1.hscicdn.com/image/upload/f_auto,t_ds_square_w_320,q_50/lsci/db/PICTURES/CMS/368000/368048.1.png"
Netherlands,Vivian Kingma,Bowler,29y 203d,Right hand Bat,Right arm Medium fast,"https://img1.hscicdn.com/image/upload/f_auto,t_ds_square_w_320,q_50/lsci/db/PICTURES/CMS/368000/368049.1.png"
Netherlands,Kyle Klein,Bowler,22y 315d,Right hand Bat,Right arm Medium,"https://img1.hscicdn.com/image/upload/f_auto,t_ds_square_w_320,q_50/lsci/db/PICTURES/CMS/368000/368044.1.png"
Netherlands,Logan van Beek,Bowler,33y 249d,Right hand Bat,Right arm Medium fast,"https://img1.hscicdn.com/image/upload/f_auto,t_ds_square_w_320,q_50/lsci/db/PICTURES/CMS/331100/331170.3.png"
Netherlands,Paul van Meekeren,Bowler,31y 119d,Right hand Bat,Right arm Fast medium,"https://img1.hscicdn.com/image/upload/f_auto,t_ds_square_w_320,q_50/lsci/db/PICTURES/CMS/381700/381737.3.png"
Netherlands,Daniel Doram,Bowler,26y 213d,Left hand Bat,Slow Left arm Orthodox,No image available
Netherlands,Fred Klaassen,Bowler,31y 182d,Right hand Bat,Left arm Fast medium,"https://img1.hscicdn.com/image/upload/f_auto,t_ds_square_w_320,q_50/lsci/db/PICTURES/CMS/385900/385990.6.png"
New Zealand,Kane Williamson,Top order Batter,33y 265d,Right hand Bat,Right arm Offbreak,"https://img1.hscicdn.com/image/upload/f_auto,t_ds_square_w_320,q_50/lsci/db/PICTURES/CMS/383100/383172.1.png"
New Zealand,Finn Allen,Top order Batter,25y 7d,Right hand Bat,N/A,"https://img1.hscicdn.com/image/upload/f_auto,t_ds_square_w_320,q_50/lsci/db/PICTURES/CMS/383100/383164.1.png"
New Zealand,Devon Conway,Wicketkeeper Batter,32y 296d,Left hand Bat,Right arm Medium,"https://img1.hscicdn.com/image/upload/f_auto,t_ds_square_w_320,q_50/lsci/db/PICTURES/CMS/383100/383148.1.png"
New Zealand,Michael Bracewell,Batting Allrounder,33y 75d,Left hand Bat,Right arm Offbreak,"https://img1.hscicdn.com/image/upload/f_auto,t_ds_square_w_320,q_50/lsci/db/PICTURES/CMS/383100/383179.1.png"
New Zealand,Mark Chapman,Allrounder,29y 307d,Left hand Bat,Slow Left arm Orthodox,"https://img1.hscicdn.com/image/upload/f_auto,t_ds_square_w_320,q_50/lsci/db/PICTURES/CMS/383100/383176.1.png"
New Zealand,Daryl Mitchell,Batting Allrounder,32y 345d,Right hand Bat,Right arm Medium,"https://img1.hscicdn.com/image/upload/f_auto,t_ds_square_w_320,q_50/lsci/db/PICTURES/CMS/383100/383147.2.png"
New Zealand,James Neesham,Batting Allrounder,33y 225d,Left hand Bat,Right arm Medium fast,"https://img1.hscicdn.com/image/upload/f_auto,t_ds_square_w_320,q_50/lsci/db/PICTURES/CMS/383100/383171.1.png"
New Zealand,Glenn Phillips,Allrounder,27y 145d,Right hand Bat,Right arm Offbreak,"https://img1.hscicdn.com/image/upload/f_auto,t_ds_square_w_320,q_50/lsci/db/PICTURES/CMS/383100/383167.1.png"
New Zealand,Rachin Ravindra,Batting Allrounder,24y 163d,Left hand Bat,Slow Left arm Orthodox,"https://img1.hscicdn.com/image/upload/f_auto,t_ds_square_w_320,q_50/lsci/db/PICTURES/CMS/383100/383182.1.png"
New Zealand,Mitchell Santner,Bowling Allrounder,32y 84d,Left hand Bat,Slow Left arm Orthodox,"https://img1.hscicdn.com/image/upload/f_auto,t_ds_square_w_320,q_50/lsci/db/PICTURES/CMS/383100/383180.1.png"
New Zealand,Trent Boult,Bowler,34y 282d,Right hand Bat,Left arm Fast medium,"https://img1.hscicdn.com/image/upload/f_auto,t_ds_square_w_320,q_50/lsci/db/PICTURES/CMS/383100/383185.1.png"
New Zealand,Lockie Ferguson,Bowler,32y 321d,Right hand Bat,Right arm Fast,"https://img1.hscicdn.com/image/upload/f_auto,t_ds_square_w_320,q_50/lsci/db/PICTURES/CMS/383100/383174.1.png"
New Zealand,Matt Henry,Bowler,32y 137d,Right hand Bat,Right arm Fast medium,"https://img1.hscicdn.com/image/upload/f_auto,t_ds_square_w_320,q_50/lsci/db/PICTURES/CMS/383100/383178.1.png"
New Zealand,Ish Sodhi,Bowler,31y 181d,Right hand Bat,Legbreak,"https://img1.hscicdn.com/image/upload/f_auto,t_ds_square_w_320,q_50/lsci/db/PICTURES/CMS/383100/383170.1.png"
New Zealand,Tim Southee,Bowler,35y 140d,Right hand Bat,Right arm Medium fast,"https://img1.hscicdn.com/image/upload/f_auto,t_ds_square_w_320,q_50/lsci/db/PICTURES/CMS/383100/383184.1.png"
Oman,Aqib Ilyas,Top order Batter,31y 239d,Right hand Bat,"Right arm Offbreak, Legbreak Googly","https://img1.hscicdn.com/image/upload/f_auto,t_ds_square_w_320,q_50/lsci/db/PICTURES/CMS/321700/321767.1.png"
Oman,Pratik Athavale,Wicketkeeper Batter,27y 11d,Right hand Bat,Right arm Offbreak,"https://img1.hscicdn.com/image/upload/f_auto,t_h_100_2x/lsci/db/PICTURES/CMS/381900/381938.1.jpg"
Oman,Khalid Kail,Middle order Batter,27y 201d,Right hand Bat,N/A,"https://img1.hscicdn.com/image/upload/f_auto,t_h_100_2x/lsci/db/PICTURES/CMS/381900/381922.4.jpg"
Oman,Mehran Khan,Batter,37y 18d,Right hand Bat,Right arm Medium fast,"https://img1.hscicdn.com/image/upload/f_auto,t_ds_square_w_320,q_50/lsci/db/PICTURES/CMS/321700/321776.1.png"
Oman,Naseem Khushi,Wicketkeeper,41y 264d,Right hand Bat,N/A,"https://img1.hscicdn.com/image/upload/f_auto,t_ds_square_w_320,q_50/lsci/db/PICTURES/CMS/321700/321778.1.png"
Oman,Kashyap Prajapati,Top order Batter,28y 203d,Right hand Bat,Right arm Offbreak,"https://img1.hscicdn.com/image/upload/f_auto,t_ds_square_w_320,q_50/lsci/db/PICTURES/CMS/387300/387332.5.png"
Oman,Shoaib Khan,Batter,31y 147d,Right hand Bat,Right arm Medium,"https://img1.hscicdn.com/image/upload/f_auto,t_ds_square_w_320,q_50/lsci/db/PICTURES/CMS/390700/390785.2.png"
Oman,Zeeshan Maqsood,Opening Batter,36y 190d,Left hand Bat,Slow Left arm Orthodox,"https://img1.hscicdn.com/image/upload/f_auto,t_ds_square_w_320,q_50/lsci/db/PICTURES/CMS/321700/321792.1.png"
Oman,Ayaan Khan,Allrounder,31y 245d,Left hand Bat,Slow Left arm Orthodox,"https://img1.hscicdn.com/image/upload/f_auto,t_ds_square_w_320,q_50/lsci/db/PICTURES/CMS/387400/387414.5.jpg"
Oman,Mohammad Nadeem,Allrounder,41y 240d,Right hand Bat,Right arm Medium fast,"https://img1.hscicdn.com/image/upload/f_auto,t_ds_square_w_320,q_50/lsci/db/PICTURES/CMS/321700/321777.1.png"
Oman,Bilal Khan,Bowler,37y 21d,Left hand Bat,Left arm Medium fast,"https://img1.hscicdn.com/image/upload/f_auto,t_ds_square_w_320,q_50/lsci/db/PICTURES/CMS/321700/321770.1.png"
Oman,Fayyaz Butt,Bowler,30y 258d,Right hand Bat,Right arm Medium fast,"https://img1.hscicdn.com/image/upload/f_auto,t_ds_square_w_320,q_50/lsci/db/PICTURES/CMS/321700/321765.1.png"
Oman,Kaleemullah,Bowler,33y 129d,Right hand Bat,Right arm Medium,"https://img1.hscicdn.com/image/upload/f_auto,t_ds_square_w_320,q_50/lsci/db/PICTURES/CMS/321700/321773.1.png"
Oman,Rafiullah,Bowler,27y 259d,Right hand Bat,Right arm Medium,"https://img1.hscicdn.com/image/upload/f_auto,t_h_100_2x/lsci/db/PICTURES/CMS/381900/381937.1.jpg"
Oman,Shakeel Ahmed,Bowler,36y 87d,Left hand Bat,Slow Left arm Orthodox,"https://img1.hscicdn.com/image/upload/f_auto,t_h_100_2x/lsci/db/PICTURES/CMS/381900/381930.2.jpg"
Pakistan,Babar Azam,Batter,29y 222d,Right hand Bat,Right arm Offbreak,"https://img1.hscicdn.com/image/upload/f_auto,t_ds_square_w_320,q_50/lsci/db/PICTURES/CMS/320400/320448.1.png"
Pakistan,Azam Khan,Wicketkeeper Batter,25y 288d,Right hand Bat,N/A,"https://img1.hscicdn.com/image/upload/f_auto,t_ds_square_w_320,q_50/lsci/db/PICTURES/CMS/326500/326525.3.png"
Pakistan,Fakhar Zaman,Opening Batter,34y 44d,Left hand Bat,Slow Left arm Orthodox,"https://img1.hscicdn.com/image/upload/f_auto,t_ds_square_w_320,q_50/lsci/db/PICTURES/CMS/382000/382031.6.png"
Pakistan,Iftikhar Ahmed,Middle order Batter,33y 264d,Right hand Bat,Right arm Offbreak,"https://img1.hscicdn.com/image/upload/f_auto,t_ds_square_w_320,q_50/lsci/db/PICTURES/CMS/382000/382033.4.png"
Pakistan,Mohammad Rizwan,Wicketkeeper Batter,31y 358d,Right hand Bat,Right arm Medium,"https://img1.hscicdn.com/image/upload/f_auto,t_ds_square_w_320,q_50/lsci/db/PICTURES/CMS/320400/320458.1.png"
Pakistan,Saim Ayub,Top order Batter,22y,Left hand Bat,Right arm Offbreak,"https://img1.hscicdn.com/image/upload/f_auto,t_ds_square_w_320,q_50/lsci/db/PICTURES/CMS/326400/326498.1.png"
Pakistan,Usman Khan,Top order Batter,29y 14d,Right hand Bat,Right arm Offbreak,"https://img1.hscicdn.com/image/upload/f_auto,t_h_100_2x/lsci/db/PICTURES/CMS/382000/382035.2.jpg"
Pakistan,Imad Wasim,Allrounder,35y 158d,Left hand Bat,Slow Left arm Orthodox,"https://img1.hscicdn.com/image/upload/f_auto,t_ds_square_w_320,q_50/lsci/db/PICTURES/CMS/320400/320451.1.png"
Pakistan,Shadab Khan,Allrounder,25y 233d,Right hand Bat,Legbreak,"https://img1.hscicdn.com/image/upload/f_auto,t_ds_square_w_320,q_50/lsci/db/PICTURES/CMS/320400/320467.1.png"
Pakistan,Abbas Afridi,Bowler,23y 49d,Right hand Bat,Right arm Medium fast,"https://img1.hscicdn.com/image/upload/f_auto,t_ds_square_w_320,q_50/lsci/db/PICTURES/CMS/322100/322158.1.png"
Pakistan,Abrar Ahmed,Bowler,25y 256d,Right hand Bat,Legbreak Googly,"https://img1.hscicdn.com/image/upload/f_auto,t_ds_square_w_320,q_50/lsci/db/PICTURES/CMS/376900/376943.6.png"
Pakistan,Haris Rauf,Bowler,30y 199d,Right hand Bat,Right arm Fast,"https://img1.hscicdn.com/image/upload/f_auto,t_ds_square_w_320,q_50/lsci/db/PICTURES/CMS/322200/322202.1.png"
Pakistan,Mohammad Amir,Bowler,32y 41d,Left hand Bat,Left arm Fast medium,"https://img1.hscicdn.com/image/upload/f_auto,t_ds_square_w_320,q_50/lsci/db/PICTURES/CMS/320400/320457.1.png"
Pakistan,Naseem Shah,Bowler,21y 99d,Right hand Bat,Right arm Fast,"https://img1.hscicdn.com/image/upload/f_auto,t_ds_square_w_320,q_50/lsci/db/PICTURES/CMS/322200/322223.2.png"
Pakistan,Shaheen Shah Afridi,Bowler,24y 48d,Left hand Bat,Left arm Fast,"https://img1.hscicdn.com/image/upload/f_auto,t_ds_square_w_320,q_50/lsci/db/PICTURES/CMS/322200/322250.1.png"
Papua New Guinea,Assad Vala,Batter,36y 277d,Left hand Bat,Right arm Offbreak,"https://img1.hscicdn.com/image/upload/f_auto,t_ds_square_w_320,q_50/lsci/db/PICTURES/CMS/321100/321136.1.png"
Papua New Guinea,Sese Bau,Middle order Batter,31y 320d,Left hand Bat,Right arm Offbreak,"https://img1.hscicdn.com/image/upload/f_auto,t_ds_square_w_320,q_50/lsci/db/PICTURES/CMS/321100/321159.1.png"
Papua New Guinea,Kiplin Doriga,Wicketkeeper Batter,28y 203d,Right hand Bat,N/A,"https://img1.hscicdn.com/image/upload/f_auto,t_ds_square_w_320,q_50/lsci/db/PICTURES/CMS/321100/321149.1.png"
Papua New Guinea,Hiri Hiri,Middle order Batter,29y 7d,Right hand Bat,Right arm Offbreak,"https://img1.hscicdn.com/image/upload/f_auto,t_ds_square_w_320,q_50/lsci/db/PICTURES/CMS/386900/386937.5.png"
Papua New Guinea,Lega Siaka,Opening Batter,31y 139d,Right hand Bat,"Right arm Fast medium, Legbreak","https://img1.hscicdn.com/image/upload/f_auto,t_ds_square_w_320,q_50/lsci/db/PICTURES/CMS/321100/321151.1.png"
Papua New Guinea,Tony Ura,Opening Batter,34y 206d,Right hand Bat,N/A,"https://img1.hscicdn.com/image/upload/f_auto,t_ds_square_w_320,q_50/lsci/db/PICTURES/CMS/386900/386936.5.png"
Papua New Guinea,Hila Vare,Batter,22y 272d,Left hand Bat,N/A,"https://img1.hscicdn.com/image/upload/f_auto,t_h_100_2x/lsci/db/PICTURES/CMS/381600/381680.4.jpg"
Papua New Guinea,Charles Amini,Allrounder,32y 24d,Left hand Bat,Legbreak,"https://img1.hscicdn.com/image/upload/f_auto,t_ds_square_w_320,q_50/lsci/db/PICTURES/CMS/321100/321138.1.png"
Papua New Guinea,Jack Gardner,Bowler,23y 137d,N/A,N/A,"https://img1.hscicdn.com/image/upload/f_auto,t_ds_square_w_320,q_50/lsci/db/PICTURES/CMS/331100/331172.1.png"
Papua New Guinea,Semo Kamea,Bowler,22y 261d,Left hand Bat,Left arm Fast,"https://img1.hscicdn.com/image/upload/f_auto,t_h_100_2x/lsci/db/PICTURES/CMS/381600/381677.2.jpg"
Papua New Guinea,John Kariko,Bowler,20y 113d,Left hand Bat,Slow Left arm Orthodox,"https://img1.hscicdn.com/image/upload/f_auto,t_h_100_2x/lsci/db/PICTURES/CMS/381600/381679.1.jpg"
Papua New Guinea,Kabua Morea,Bowler,30y 221d,Right hand Bat,Left arm Medium,"https://img1.hscicdn.com/image/upload/f_auto,t_ds_square_w_320,q_50/lsci/db/PICTURES/CMS/386900/386938.5.png"
Papua New Guinea,Alei Nao,Bowler,30y 151d,Right hand Bat,Right arm Medium,"https://img1.hscicdn.com/image/upload/f_auto,t_ds_square_w_320,q_50/lsci/db/PICTURES/CMS/321100/321135.1.png"
Papua New Guinea,Chad Soper,Bowler,32y 171d,Right hand Bat,Right arm Medium fast,"https://img1.hscicdn.com/image/upload/f_auto,t_ds_square_w_320,q_50/lsci/db/PICTURES/CMS/321100/321137.1.png"
Papua New Guinea,Norman Vanua,Bowler,30y 158d,Right hand Bat,Right arm Medium,"https://img1.hscicdn.com/image/upload/f_auto,t_ds_square_w_320,q_50/lsci/db/PICTURES/CMS/321100/321154.1.png"
Scotland,Richie Berrington,Top order Batter,37y 33d,Right hand Bat,Right arm Medium fast,"https://img1.hscicdn.com/image/upload/f_auto,t_ds_square_w_320,q_50/lsci/db/PICTURES/CMS/316500/316587.1.png"
Scotland,Matthew Cross,Wicketkeeper Batter,31y 204d,Right hand Bat,N/A,"https://img1.hscicdn.com/image/upload/f_auto,t_ds_square_w_320,q_50/lsci/db/PICTURES/CMS/316600/316680.1.png"
Scotland,Ollie Hairs,Opening Batter,33y 22d,Left hand Bat,Right arm Offbreak,"https://img1.hscicdn.com/image/upload/f_auto,t_ds_square_w_320,q_50/lsci/db/PICTURES/CMS/320400/320478.1.png"
Scotland,Michael Jones,Top order Batter,26y 122d,Right hand Bat,Right arm Offbreak,"https://img1.hscicdn.com/image/upload/f_auto,t_ds_square_w_320,q_50/lsci/db/PICTURES/CMS/322400/322444.1.png"
Scotland,George Munsey,Opening Batter,31y 75d,Left hand Bat,Right arm Medium fast,"https://img1.hscicdn.com/image/upload/f_auto,t_ds_square_w_320,q_50/lsci/db/PICTURES/CMS/320300/320365.1.png"
Scotland,Charlie Tear,Wicketkeeper Batter,19y 329d,Right hand Bat,N/A,"https://img1.hscicdn.com/image/upload/f_auto,t_h_100_2x/lsci/db/PICTURES/CMS/357000/357090.jpg"
Scotland,Michael Leask,Allrounder,33y 190d,Right hand Bat,Right arm Offbreak,"https://img1.hscicdn.com/image/upload/f_auto,t_ds_square_w_320,q_50/lsci/db/PICTURES/CMS/316600/316678.2.png"
Scotland,Brandon McMullen,Batting Allrounder,24y 201d,Right hand Bat,Right arm Medium,"https://img1.hscicdn.com/image/upload/f_auto,t_h_100_2x/lsci/db/PICTURES/CMS/381900/381996.1.jpg"
Scotland,Brad Currie,Bowler,25y 180d,Right hand Bat,Left arm Medium,"https://img1.hscicdn.com/image/upload/f_auto,t_h_100_2x/lsci/db/PICTURES/CMS/381900/381999.1.jpg"
Scotland,Chris Greaves,Bowler,33y 207d,Right hand Bat,Legbreak,"https://img1.hscicdn.com/image/upload/f_auto,t_ds_square_w_320,q_50/lsci/db/PICTURES/CMS/329700/329745.1.png"
Scotland,Jack Jarvis,Bowler,20y 343d,Right hand Bat,Right arm Medium fast,"https://img1.hscicdn.com/image/upload/f_auto,t_h_100_2x/lsci/db/PICTURES/CMS/381900/381991.1.jpg"
Scotland,Safyaan Sharif,Bowler,32y 348d,Right hand Bat,Right arm Medium fast,"https://img1.hscicdn.com/image/upload/f_auto,t_ds_square_w_320,q_50/lsci/db/PICTURES/CMS/316600/316679.1.png"
Scotland,Chris Sole,Bowler,30y 69d,Right hand Bat,Right arm Fast medium,"https://img1.hscicdn.com/image/upload/f_auto,t_ds_square_w_320,q_50/lsci/db/PICTURES/CMS/322400/322438.1.png"
Scotland,Mark Watt,Bowler,27y 282d,Left hand Bat,Slow Left arm Orthodox,"https://img1.hscicdn.com/image/upload/f_auto,t_ds_square_w_320,q_50/lsci/db/PICTURES/CMS/320300/320372.1.png"
Scotland,Brad Wheal,Bowler,27y 252d,Right hand Bat,Right arm Fast medium,"https://img1.hscicdn.com/image/upload/f_auto,t_ds_square_w_320,q_50/lsci/db/PICTURES/CMS/322400/322436.1.png"
South Africa,Aiden Markram,Opening Batter,29y 209d,Right hand Bat,Right arm Offbreak,"https://img1.hscicdn.com/image/upload/f_auto,t_ds_square_w_320,q_50/lsci/db/PICTURES/CMS/322000/322067.1.png"
South Africa,Quinton de Kock,Wicketkeeper Batter,31y 135d,Left hand Bat,N/A,"https://img1.hscicdn.com/image/upload/f_auto,t_ds_square_w_320,q_50/lsci/db/PICTURES/CMS/316600/316668.1.png"
South Africa,Reeza Hendricks,Opening Batter,34y 260d,Right hand Bat,Right arm Offbreak,"https://img1.hscicdn.com/image/upload/f_auto,t_ds_square_w_320,q_50/lsci/db/PICTURES/CMS/322000/322071.1.png"
South Africa,Heinrich Klaasen,Wicketkeeper Batter,32y 275d,Right hand Bat,Right arm Offbreak,"https://img1.hscicdn.com/image/upload/f_auto,t_ds_square_w_320,q_50/lsci/db/PICTURES/CMS/322000/322073.1.png"
South Africa,David Miller,Middle order Batter,34y 325d,Left hand Bat,Right arm Offbreak,"https://img1.hscicdn.com/image/upload/f_auto,t_ds_square_w_320,q_50/lsci/db/PICTURES/CMS/316600/316655.1.png"
South Africa,Ryan Rickelton,Wicketkeeper Batter,27y 294d,Left hand Bat,N/A,"https://img1.hscicdn.com/image/upload/f_auto,t_ds_square_w_320,q_50/lsci/db/PICTURES/CMS/366300/366321.1.png"
South Africa,Tristan Stubbs,Batter,23y 260d,Right hand Bat,Right arm Offbreak,"https://img1.hscicdn.com/image/upload/f_auto,t_ds_square_w_320,q_50/lsci/db/PICTURES/CMS/348500/348577.1.png"
South Africa,Marco Jansen,Bowling Allrounder,23y 365d,Right hand Bat,Left arm Medium fast,"https://img1.hscicdn.com/image/upload/f_auto,t_ds_square_w_320,q_50/lsci/db/PICTURES/CMS/337100/337189.1.png"
South Africa,Ottneil Baartman,Bowler,31y 43d,Right hand Bat,Right arm Medium fast,"https://img1.hscicdn.com/image/upload/f_auto,t_ds_square_w_320,q_50/lsci/db/PICTURES/CMS/381700/381731.5.png"
South Africa,Gerald Coetzee,Bowler,23y 211d,Right hand Bat,Right arm Fast,"https://img1.hscicdn.com/image/upload/f_auto,t_ds_square_w_320,q_50/lsci/db/PICTURES/CMS/348500/348579.1.png"
South Africa,Bjorn Fortuin,Bowler,29y 192d,Right hand Bat,Slow Left arm Orthodox,"https://img1.hscicdn.com/image/upload/f_auto,t_ds_square_w_320,q_50/lsci/db/PICTURES/CMS/322400/322461.1.png"
South Africa,Keshav Maharaj,Bowler,34y 83d,Right hand Bat,Slow Left arm Orthodox,"https://img1.hscicdn.com/image/upload/f_auto,t_ds_square_w_320,q_50/lsci/db/PICTURES/CMS/322000/322072.1.png"
South Africa,Anrich Nortje,Bowler,30y 166d,Right hand Bat,Right arm Fast,"https://img1.hscicdn.com/image/upload/f_auto,t_ds_square_w_320,q_50/lsci/db/PICTURES/CMS/322000/322080.1.png"
South Africa,Kagiso Rabada,Bowler,28y 341d,Left hand Bat,Right arm Fast,"https://img1.hscicdn.com/image/upload/f_auto,t_ds_square_w_320,q_50/lsci/db/PICTURES/CMS/320300/320376.1.png"
South Africa,Tabraiz Shamsi,Bowler,34y 72d,Right hand Bat,Left arm Wrist spin,"https://img1.hscicdn.com/image/upload/f_auto,t_ds_square_w_320,q_50/lsci/db/PICTURES/CMS/322000/322068.1.png"
Sri Lanka,Kusal Mendis,Wicketkeeper Batter,29y 97d,Right hand Bat,Legbreak,"https://img1.hscicdn.com/image/upload/f_auto,t_ds_square_w_320,q_50/lsci/db/PICTURES/CMS/319800/319866.2.png"
Sri Lanka,Pathum Nissanka,Top order Batter,25y 357d,Right hand Bat,N/A,"https://img1.hscicdn.com/image/upload/f_auto,t_ds_square_w_320,q_50/lsci/db/PICTURES/CMS/323000/323070.1.png"
Sri Lanka,Sadeera Samarawickrama,Wicketkeeper Batter,28y 253d,Right hand Bat,N/A,"https://img1.hscicdn.com/image/upload/f_auto,t_ds_square_w_320,q_50/lsci/db/PICTURES/CMS/323000/323069.1.png"
Sri Lanka,Wanindu Hasaranga,Allrounder,26y 285d,Right hand Bat,Legbreak,"https://img1.hscicdn.com/image/upload/f_auto,t_ds_square_w_320,q_50/lsci/db/PICTURES/CMS/322900/322946.1.png"
Sri Lanka,Charith Asalanka,Batting Allrounder,26y 315d,Left hand Bat,Right arm Offbreak,"https://img1.hscicdn.com/image/upload/f_auto,t_ds_square_w_320,q_50/lsci/db/PICTURES/CMS/348500/348599.1.png"
Sri Lanka,Dhananjaya de Silva,Allrounder,32y 246d,Right hand Bat,Right arm Offbreak,"https://img1.hscicdn.com/image/upload/f_auto,t_ds_square_w_320,q_50/lsci/db/PICTURES/CMS/319800/319859.2.png"
Sri Lanka,Angelo Mathews,Allrounder,36y 342d,Right hand Bat,Right arm Medium,"https://img1.hscicdn.com/image/upload/f_auto,t_ds_square_w_320,q_50/lsci/db/PICTURES/CMS/355600/355644.2.png"
Sri Lanka,Kamindu Mendis,Allrounder,25y 222d,Left hand Bat,"Right arm Offbreak, Slow Left arm Orthodox","https://img1.hscicdn.com/image/upload/f_auto,t_ds_square_w_320,q_50/lsci/db/PICTURES/CMS/329900/329938.1.png"
Sri Lanka,Dasun Shanaka,Allrounder,32y 243d,Right hand Bat,Right arm Medium,"https://img1.hscicdn.com/image/upload/f_auto,t_ds_square_w_320,q_50/lsci/db/PICTURES/CMS/328000/328058.2.png"
Sri Lanka,Dushmantha Chameera,Bowler,32y 119d,Right hand Bat,Right arm Fast,"https://img1.hscicdn.com/image/upload/f_auto,t_ds_square_w_320,q_50/lsci/db/PICTURES/CMS/319800/319862.2.png"
Sri Lanka,Dilshan Madushanka,Bowler,23y 234d,Right hand Bat,Left arm Fast medium,"https://img1.hscicdn.com/image/upload/f_auto,t_ds_square_w_320,q_50/lsci/db/PICTURES/CMS/348600/348600.1.png"
Sri Lanka,Matheesha Pathirana,Bowler,21y 143d,Right hand Bat,Right arm Fast,"https://img1.hscicdn.com/image/upload/f_auto,t_ds_square_w_320,q_50/lsci/db/PICTURES/CMS/355400/355402.1.png"
Sri Lanka,Maheesh Theekshana,Bowler,23y 282d,Right hand Bat,Right arm Offbreak,"https://img1.hscicdn.com/image/upload/f_auto,t_ds_square_w_320,q_50/lsci/db/PICTURES/CMS/347800/347825.1.png"
Sri Lanka,Nuwan Thushara,Bowler,29y 277d,Right hand Bat,Right arm Medium fast,"https://img1.hscicdn.com/image/upload/f_auto,t_ds_square_w_320,q_50/lsci/db/PICTURES/CMS/381300/381395.7.png"
Sri Lanka,Dunith Wellalage,Bowler,21y 121d,Left hand Bat,Slow Left arm Orthodox,"https://img1.hscicdn.com/image/upload/f_auto,t_ds_square_w_320,q_50/lsci/db/PICTURES/CMS/380400/380446.1.png"
Uganda,Fred Achelam,Wicketkeeper Batter,23y 100d,Right hand Bat,N/A,"https://img1.hscicdn.com/image/upload/f_auto,t_h_100_2x/lsci/db/PICTURES/CMS/275800/275806.1.jpg"
Uganda,Roger Mukasa,Batter,34y 350d,Right hand Bat,Right arm Offbreak,"https://img1.hscicdn.com/image/upload/f_auto,t_ds_square_w_320,q_50/lsci/db/PICTURES/CMS/387500/387518.6.png"
Uganda,Robinson Obuya,Batter,23y 146d,Right hand Bat,N/A,"https://img1.hscicdn.com/image/upload/f_auto,t_h_100_2x/lsci/db/PICTURES/CMS/381600/381674.3.jpg"
Uganda,Ronak Patel,Batter,35y 262d,Right hand Bat,Slow Left arm Orthodox,"https://img1.hscicdn.com/image/upload/f_auto,t_h_100_2x/lsci/db/PICTURES/CMS/381600/381676.4.jpg"
Uganda,Simon Ssesazi,Wicketkeeper Batter,27y 260d,Left hand Bat,Right arm Slow,"https://img1.hscicdn.com/image/upload/f_auto,t_h_100_2x/lsci/db/PICTURES/CMS/275800/275805.1.jpg"
Uganda,Riazat Ali Shah,Batting Allrounder,26y 76d,Right hand Bat,Right arm Medium,"https://img1.hscicdn.com/image/upload/f_auto,t_ds_square_w_320,q_50/lsci/db/PICTURES/CMS/387400/387425.5.jpg"
Uganda,Dinesh Nakrani,Allrounder,32y 228d,Left hand Bat,Left arm Medium,"https://img1.hscicdn.com/image/upload/f_auto,t_ds_square_w_320,q_50/lsci/db/PICTURES/CMS/381600/381663.7.png"
Uganda,Frank Nsubuga,Allrounder,43y 252d,Right hand Bat,Right arm Offbreak,"https://img1.hscicdn.com/image/upload/f_auto,t_ds_square_w_320,q_50/lsci/db/PICTURES/CMS/387500/387521.6.png"
Uganda,Alpesh Ramjani,Allrounder,29y 225d,Left hand Bat,Slow Left arm Orthodox,"https://img1.hscicdn.com/image/upload/f_auto,t_ds_square_w_320,q_50/lsci/db/PICTURES/CMS/381600/381667.6.png"
Uganda,Kenneth Waiswa,Allrounder,25y 177d,Right hand Bat,Right arm Medium,"https://img1.hscicdn.com/image/upload/f_auto,t_ds_square_w_320,q_50/lsci/db/PICTURES/CMS/390900/390921.2.png"
Uganda,Brian Masaba,Bowler,32y 227d,Right hand Bat,"Right arm Fast medium, Right arm Offbreak, Legbreak Googly","https://img1.hscicdn.com/image/upload/f_auto,t_ds_square_w_320,q_50/lsci/db/PICTURES/CMS/390900/390914.2.png"
Uganda,Bilal Hassan,Bowler,34y 21d,Right hand Bat,Right arm Medium fast,"https://img1.hscicdn.com/image/upload/f_auto,t_h_100_2x/lsci/db/PICTURES/CMS/275800/275802.1.jpg"
Uganda,Cosmas Kyewuta,Bowler,22y 130d,Right hand Bat,Right arm Medium,"https://img1.hscicdn.com/image/upload/f_auto,t_h_100_2x/lsci/db/PICTURES/CMS/381600/381673.4.jpg"
Uganda,Juma Miyagi,Bowler,21y 31d,Right hand Bat,Right arm Medium fast,"https://img1.hscicdn.com/image/upload/f_auto,t_h_100_2x/lsci/db/PICTURES/CMS/381600/381675.5.jpg"
Uganda,Henry Ssenyondo,Bowler,30y 268d,Right hand Bat,Slow Left arm Orthodox,"https://img1.hscicdn.com/image/upload/f_auto,t_h_100_2x/lsci/db/PICTURES/CMS/172900/172921.1.jpg"
United States of America,Monank Patel,Wicketkeeper Batter,31y 2d,Right hand Bat,N/A,"https://img1.hscicdn.com/image/upload/f_auto,t_ds_square_w_320,q_50/lsci/db/PICTURES/CMS/383200/383210.1.png"
United States of America,Aaron Jones,Top order Batter,29y 197d,Right hand Bat,Legbreak Googly,"https://img1.hscicdn.com/image/upload/f_auto,t_h_100_2x/lsci/db/PICTURES/CMS/286800/286882.1.jpg"
United States of America,Andries Gous,Wicketkeeper Batter,30y 161d,Right hand Bat,N/A,"https://img1.hscicdn.com/image/upload/f_auto,t_h_100_2x/lsci/db/PICTURES/CMS/381700/381784.1.jpg"
United States of America,Nitish Kumar,Top order Batter,29y 348d,Right hand Bat,Right arm Offbreak,"https://img1.hscicdn.com/image/upload/f_auto,t_ds_square_w_320,q_50/lsci/db/PICTURES/CMS/383200/383209.1.png"
United States of America,Shayan Jahangir,Batter,29y 131d,Right hand Bat,Right arm Medium fast,"https://img1.hscicdn.com/image/upload/f_auto,t_ds_square_w_320,q_50/lsci/db/PICTURES/CMS/380400/380454.6.png"
United States of America,Steven Taylor,Opening Batter,30y 176d,Left hand Bat,Right arm Offbreak,"https://img1.hscicdn.com/image/upload/f_auto,t_ds_square_w_320,q_50/lsci/db/PICTURES/CMS/389400/389472.5.png"
United States of America,Corey Anderson,Batting Allrounder,33y 142d,Left hand Bat,Left arm Medium fast,"https://img1.hscicdn.com/image/upload/f_auto,t_ds_square_w_320,q_50/lsci/db/PICTURES/CMS/383200/383214.1.png"
United States of America,Harmeet Singh,Bowling Allrounder,31y 239d,Left hand Bat,Slow Left arm Orthodox,"https://img1.hscicdn.com/image/upload/f_auto,t_h_100_2x/lsci/db/PICTURES/CMS/381800/381805.2.jpg"
United States of America,Milind Kumar,Allrounder,33y 78d,Right hand Bat,Right arm Offbreak,"https://img1.hscicdn.com/image/upload/f_auto,t_h_100_2x/lsci/db/PICTURES/CMS/381800/381809.1.jpg"
United States of America,Nisarg Patel,Allrounder,36y 13d,Right hand Bat,Slow Left arm Orthodox,"https://img1.hscicdn.com/image/upload/f_auto,t_ds_square_w_320,q_50/lsci/db/PICTURES/CMS/383200/383216.1.png"
United States of America,Shadley van Schalkwyk,Allrounder,35y 272d,Left hand Bat,Right arm Medium,"https://img1.hscicdn.com/image/upload/f_auto,t_h_100_2x/lsci/db/PICTURES/CMS/381700/381785.1.jpg"
United States of America,Ali Khan,Bowler,33y 142d,Right hand Bat,Right arm Fast medium,"https://img1.hscicdn.com/image/upload/f_auto,t_ds_square_w_320,q_50/lsci/db/PICTURES/CMS/383200/383217.1.png"
United States of America,Jasdeep Singh,Bowler,31y 83d,Right hand Bat,Right arm Medium,"https://img1.hscicdn.com/image/upload/f_auto,t_ds_square_w_320,q_50/lsci/db/PICTURES/CMS/383200/383212.1.png"
United States of America,Nosthush Kenjige,Bowler,33y 62d,Right hand Bat,Slow Left arm Orthodox,"https://img1.hscicdn.com/image/upload/f_auto,t_ds_square_w_320,q_50/lsci/db/PICTURES/CMS/383200/383218.1.png"
United States of America,Saurabh Netravalkar,Bowler,32y 200d,Right hand Bat,Left arm Fast medium,"https://img1.hscicdn.com/image/upload/f_auto,t_ds_square_w_320,q_50/lsci/db/PICTURES/CMS/383200/383213.1.png"
West Indies,Rovman Powell,Middle order Batter,30y 285d,Right hand Bat,Right arm Medium fast,"https://img1.hscicdn.com/image/upload/f_auto,t_ds_square_w_320,q_50/lsci/db/PICTURES/CMS/322100/322172.1.png"
West Indies,Johnson Charles,Wicketkeeper Batter,35y 110d,Right hand Bat,N/A,"https://img1.hscicdn.com/image/upload/f_auto,t_ds_square_w_320,q_50/lsci/db/PICTURES/CMS/322000/322008.1.png"
West Indies,Shimron Hetmyer,Middle order Batter,27y 129d,Left hand Bat,N/A,"https://img1.hscicdn.com/image/upload/f_auto,t_ds_square_w_320,q_50/lsci/db/PICTURES/CMS/320100/320116.1.png"
West Indies,Shai Hope,Wicketkeeper Batter,30y 175d,Right hand Bat,N/A,"https://img1.hscicdn.com/image/upload/f_auto,t_ds_square_w_320,q_50/lsci/db/PICTURES/CMS/320100/320122.1.png"
West Indies,Nicholas Pooran,Wicketkeeper Batter,28y 214d,Left hand Bat,Right arm Offbreak,"https://img1.hscicdn.com/image/upload/f_auto,t_ds_square_w_320,q_50/lsci/db/PICTURES/CMS/320100/320109.2.png"
West Indies,Sherfane Rutherford,Middle order Batter,25y 262d,Left hand Bat,Right arm Fast medium,"https://img1.hscicdn.com/image/upload/f_auto,t_ds_square_w_320,q_50/lsci/db/PICTURES/CMS/322100/322173.1.png"
West Indies,Brandon King,Top order Batter,29y 139d,Right hand Bat,N/A,"https://img1.hscicdn.com/image/upload/f_auto,t_ds_square_w_320,q_50/lsci/db/PICTURES/CMS/321900/321983.1.png"
West Indies,Roston Chase,Allrounder,32y 42d,Right hand Bat,Right arm Offbreak,"https://img1.hscicdn.com/image/upload/f_auto,t_ds_square_w_320,q_50/lsci/db/PICTURES/CMS/322000/322039.1.png"
West Indies,Kyle Mayers,Batting Allrounder,31y 238d,Left hand Bat,Right arm Medium,"https://img1.hscicdn.com/image/upload/f_auto,t_ds_square_w_320,q_50/lsci/db/PICTURES/CMS/322000/322024.1.png"
West Indies,Andre Russell,Allrounder,36y 4d,Right hand Bat,Right arm Fast,"https://img1.hscicdn.com/image/upload/f_auto,t_ds_square_w_320,q_50/lsci/db/PICTURES/CMS/316600/316615.1.png"
West Indies,Romario Shepherd,Bowling Allrounder,29y 159d,Right hand Bat,Right arm Fast medium,"https://img1.hscicdn.com/image/upload/f_auto,t_ds_square_w_320,q_50/lsci/db/PICTURES/CMS/322000/322037.1.png"
West Indies,Jason Holder,Bowling Allrounder,32y 180d,Right hand Bat,Right arm Medium fast,"https://img1.hscicdn.com/image/upload/f_auto,t_ds_square_w_320,q_50/lsci/db/PICTURES/CMS/316600/316673.1.png"
West Indies,Alzarri Joseph,Bowler,27y 165d,Right hand Bat,Right arm Fast,"https://img1.hscicdn.com/image/upload/f_auto,t_ds_square_w_320,q_50/lsci/db/PICTURES/CMS/321900/321943.1.png"
West Indies,Akeal Hosein,Bowler,31y 8d,Left hand Bat,Slow Left arm Orthodox,"https://img1.hscicdn.com/image/upload/f_auto,t_ds_square_w_320,q_50/lsci/db/PICTURES/CMS/321900/321939.1.png"
West Indies,Shamar Joseph,Bowler,24y 246d,Left hand Bat,Right arm Fast,"https://img1.hscicdn.com/image/upload/f_auto,t_ds_square_w_320,q_50/lsci/db/PICTURES/CMS/388400/388426.5.png"
West Indies,Obed McCoy,Bowler,27y 120d,Left hand Bat,Left arm Fast medium,"https://img1.hscicdn.com/image/upload/f_auto,t_ds_square_w_320,q_50/lsci/db/PICTURES/CMS/322000/322031.1.png"
West Indies,Gudakesh Motie,Bowler,29y 35d,Left hand Bat,Slow Left arm Orthodox,"https://img1.hscicdn.com/image/upload/f_auto,t_ds_square_w_320,q_50/lsci/db/PICTURES/CMS/326100/326127.1.png"
